model,group,pass1_processed_mean,pass1_processed_std,pass1_raw_mean,pass1_raw_std,n
Qwen-0.5B,A,0.15,0.0055,0.1646,0.0043,5
Qwen-0.5B,B1,0.122,0.0167,0.1317,0.0165,5
Qwen-0.5B,B2_3B,0.161,0.0119,0.0,0.0,5
Qwen-0.5B,B2_8B,0.1427,0.0196,0.1598,0.0195,5
Qwen-0.5B,B2_70B,0.1683,0.014,0.0,0.0,5
Qwen-0.5B,C,0.1439,0.0196,0.1549,0.0231,5
Llama-1B,A,0.2073,0.0143,0.211,0.0126,5
Llama-1B,B1,0.2329,0.0117,0.239,0.01,5
Llama-1B,B2_3B,0.2171,0.007,0.0829,0.0231,5
Llama-1B,B2_8B,0.2,0.008,0.2037,0.0055,5
Llama-1B,B2_70B,0.2354,0.0119,0.2354,0.0159,5
Llama-1B,C,0.1976,0.017,0.189,0.0193,5
Qwen-1.5B,A,0.2512,0.0242,0.3,0.0318,5
Qwen-1.5B,B1,0.1817,0.0362,0.2488,0.0321,5
Qwen-1.5B,B2_3B,0.2317,0.0193,0.0,0.0,5
Qwen-1.5B,B2_8B,0.1829,0.0114,0.211,0.0304,5
Qwen-1.5B,B2_70B,0.2841,0.0126,0.0,0.0,5
Qwen-1.5B,C,0.2207,0.019,0.2902,0.0291,5
Gemma-2B,A,0.3256,0.0153,0.3256,0.0153,5
Gemma-2B,B1,0.3195,0.0092,0.3195,0.0092,5
Gemma-2B,B2_3B,0.3439,0.0218,0.0,0.0,5
Gemma-2B,B2_8B,0.339,0.0186,0.339,0.0186,5
Gemma-2B,B2_70B,0.3354,0.0129,0.0,0.0,5
Gemma-2B,C,0.339,0.0119,0.339,0.0119,5
Qwen-3B,A,0.2707,0.0703,0.372,0.0725,5
Qwen-3B,B1,0.2402,0.0531,0.3988,0.0389,5
Qwen-3B,B2_3B,0.4878,0.0251,0.0317,0.0264,5
Qwen-3B,B2_8B,0.2902,0.0419,0.4,0.0517,5
Qwen-3B,B2_70B,0.5195,0.0242,0.0012,0.0027,5
Qwen-3B,C,0.2646,0.073,0.3976,0.0716,5
Llama-3B,A,0.4049,0.0126,0.4171,0.014,5
Llama-3B,B1,0.4317,0.0169,0.4415,0.0159,5
Llama-3B,B2_3B,0.3817,0.0153,0.2744,0.0849,5
Llama-3B,B2_8B,0.4098,0.0067,0.4293,0.0092,5
Llama-3B,B2_70B,0.4146,0.032,0.4183,0.0352,5
Llama-3B,C,0.4244,0.017,0.4415,0.0186,5
Phi-3.8B,A,0.4439,0.0318,0.4902,0.0231,5
Phi-3.8B,B1,0.4341,0.0199,0.4878,0.0086,5
Phi-3.8B,B2_3B,0.4439,0.0185,0.0,0.0,5
Phi-3.8B,B2_8B,0.4037,0.0199,0.4793,0.0119,5
Phi-3.8B,B2_70B,0.4963,0.0278,0.0098,0.0092,5
Phi-3.8B,C,0.4634,0.0183,0.5134,0.0117,5
Qwen-7B,A,0.4037,0.0633,0.4049,0.0656,5
Qwen-7B,B1,0.5878,0.0637,0.6024,0.06,5
Qwen-7B,B2_3B,0.6512,0.0132,0.0988,0.1709,5
Qwen-7B,B2_8B,0.6829,0.0202,0.6927,0.0119,5
Qwen-7B,B2_70B,0.6878,0.0146,0.289,0.2131,5
Qwen-7B,C,0.5585,0.038,0.5854,0.0468,5
Llama-8B,A,0.3902,0.0114,0.3927,0.0092,5
Llama-8B,B1,0.4146,0.0167,0.4451,0.0232,5
Llama-8B,B2_3B,0.3988,0.007,0.0,0.0,5
Llama-8B,B2_8B,0.4024,0.0096,0.4232,0.0119,5
Llama-8B,B2_70B,0.4317,0.0479,0.072,0.0309,5
Llama-8B,C,0.4122,0.0126,0.4171,0.0134,5
Gemma-9B,A,0.3463,0.0338,0.3561,0.0338,5
Gemma-9B,B1,0.3476,0.0224,0.3537,0.0255,5
Gemma-9B,B2_3B,0.472,0.0082,0.0,0.0,5
Gemma-9B,B2_8B,0.4512,0.0114,0.4695,0.0114,5
Gemma-9B,B2_70B,0.5061,0.0129,0.0463,0.0176,5
Gemma-9B,C,0.3915,0.019,0.4073,0.0217,5
Phi-14B,A,0.6549,0.0102,0.6939,0.0132,5
Phi-14B,B1,0.65,0.0147,0.6976,0.0153,5
Phi-14B,B2_3B,0.6402,0.0086,0.0,0.0,5
Phi-14B,B2_8B,0.6646,0.0043,0.6976,0.0102,5
Phi-14B,B2_70B,0.7122,0.0051,0.0,0.0,5
Phi-14B,C,0.6744,0.0222,0.7134,0.0178,5
