model,group,f1_mean,f1_std,n
Qwen-0.5B,A,0.0763,0.0018,5
Qwen-0.5B,B1,0.0737,0.002,5
Qwen-0.5B,B2_3B,0.072,0.0011,5
Qwen-0.5B,B2_8B,0.0694,0.0004,5
Qwen-0.5B,B2_70B,0.0725,0.0015,5
Qwen-0.5B,C,0.0764,0.002,5
Llama-1B,A,0.1564,0.0022,5
Llama-1B,B1,0.1547,0.0024,5
Llama-1B,B2_3B,0.1511,0.0019,5
Llama-1B,B2_8B,0.1504,0.0025,5
Llama-1B,B2_70B,0.1485,0.0022,5
Llama-1B,C,0.1541,0.0025,5
Qwen-1.5B,A,0.1328,0.0013,5
Qwen-1.5B,B1,0.1345,0.0016,5
Qwen-1.5B,B2_3B,0.1329,0.0016,5
Qwen-1.5B,B2_8B,0.1303,0.0011,5
Qwen-1.5B,B2_70B,0.1298,0.0016,5
Qwen-1.5B,C,0.1324,0.0012,5
Gemma-2B,A,0.214,0.0017,5
Gemma-2B,B1,0.2134,0.0025,5
Gemma-2B,B2_3B,0.2081,0.0024,5
Gemma-2B,B2_8B,0.21,0.0026,5
Gemma-2B,B2_70B,0.2043,0.0032,5
Gemma-2B,C,0.2124,0.0015,5
Qwen-3B,A,0.1677,0.0032,5
Qwen-3B,B1,0.1666,0.0003,5
Qwen-3B,B2_3B,0.1597,0.0019,5
Qwen-3B,B2_8B,0.162,0.0008,5
Qwen-3B,B2_70B,0.1614,0.0018,5
Qwen-3B,C,0.1657,0.003,5
Llama-3B,A,0.2838,0.0024,5
Llama-3B,B1,0.2804,0.0013,5
Llama-3B,B2_3B,0.2709,0.0024,5
Llama-3B,B2_8B,0.2771,0.0027,5
Llama-3B,B2_70B,0.2677,0.0027,5
Llama-3B,C,0.2852,0.0016,5
Phi-3.8B,A,0.1697,0.0019,5
Phi-3.8B,B1,0.1726,0.0025,5
Phi-3.8B,B2_3B,0.1618,0.0027,5
Phi-3.8B,B2_8B,0.1651,0.0026,5
Phi-3.8B,B2_70B,0.1673,0.0032,5
Phi-3.8B,C,0.1702,0.0024,5
Qwen-7B,A,0.2316,0.0022,5
Qwen-7B,B1,0.233,0.0033,5
Qwen-7B,B2_3B,0.2233,0.0028,5
Qwen-7B,B2_8B,0.2185,0.0035,5
Qwen-7B,B2_70B,0.2246,0.0032,5
Qwen-7B,C,0.2299,0.0035,5
Llama-8B,A,0.2828,0.0019,5
Llama-8B,B1,0.2822,0.0023,5
Llama-8B,B2_3B,0.2837,0.0036,5
Llama-8B,B2_8B,0.2786,0.0014,5
Llama-8B,B2_70B,0.2791,0.0028,5
Llama-8B,C,0.282,0.0016,5
Gemma-9B,A,0.3086,0.0033,5
Gemma-9B,B1,0.3093,0.0024,5
Gemma-9B,B2_3B,0.3099,0.0024,5
Gemma-9B,B2_8B,0.3076,0.0027,5
Gemma-9B,B2_70B,0.3136,0.0018,5
Gemma-9B,C,0.3099,0.0029,5
Phi-14B,A,0.2865,0.0031,5
Phi-14B,B1,0.2839,0.0051,5
Phi-14B,B2_3B,0.2736,0.0045,5
Phi-14B,B2_8B,0.2683,0.0054,5
Phi-14B,B2_70B,0.27,0.0021,5
Phi-14B,C,0.2858,0.0031,5
