dataset,metric,model,comparison,cohens_d
NQ,F1,Qwen-0.5B,B1_vs_A,-0.9829
NQ,F1,Qwen-0.5B,B2_3B_vs_A,-2.8851
NQ,F1,Qwen-0.5B,B2_8B_vs_A,-4.1083
NQ,F1,Qwen-0.5B,B2_70B_vs_A,-2.334
NQ,F1,Qwen-0.5B,C_vs_A,0.1554
NQ,F1,Llama-1B,B1_vs_A,-0.7336
NQ,F1,Llama-1B,B2_3B_vs_A,-1.589
NQ,F1,Llama-1B,B2_8B_vs_A,-1.4791
NQ,F1,Llama-1B,B2_70B_vs_A,-2.5384
NQ,F1,Llama-1B,C_vs_A,-1.6016
NQ,F1,Qwen-1.5B,B1_vs_A,0.7374
NQ,F1,Qwen-1.5B,B2_3B_vs_A,0.031
NQ,F1,Qwen-1.5B,B2_8B_vs_A,-1.4253
NQ,F1,Qwen-1.5B,B2_70B_vs_A,-2.0413
NQ,F1,Qwen-1.5B,C_vs_A,-0.4461
NQ,F1,Gemma-2B,B1_vs_A,-0.1785
NQ,F1,Gemma-2B,B2_3B_vs_A,-1.4785
NQ,F1,Gemma-2B,B2_8B_vs_A,-2.1455
NQ,F1,Gemma-2B,B2_70B_vs_A,-6.2793
NQ,F1,Gemma-2B,C_vs_A,-1.3539
NQ,F1,Qwen-3B,B1_vs_A,-0.3488
NQ,F1,Qwen-3B,B2_3B_vs_A,-2.2974
NQ,F1,Qwen-3B,B2_8B_vs_A,-1.4695
NQ,F1,Qwen-3B,B2_70B_vs_A,-1.3863
NQ,F1,Qwen-3B,C_vs_A,-0.8688
NQ,F1,Llama-3B,B1_vs_A,-1.2772
NQ,F1,Llama-3B,B2_3B_vs_A,-3.1246
NQ,F1,Llama-3B,B2_8B_vs_A,-2.9885
NQ,F1,Llama-3B,B2_70B_vs_A,-20.0117
NQ,F1,Llama-3B,C_vs_A,0.7065
NQ,F1,Phi-3.8B,B1_vs_A,0.7795
NQ,F1,Phi-3.8B,B2_3B_vs_A,-2.6309
NQ,F1,Phi-3.8B,B2_8B_vs_A,-1.1953
NQ,F1,Phi-3.8B,B2_70B_vs_A,-0.5503
NQ,F1,Phi-3.8B,C_vs_A,0.2012
NQ,F1,Qwen-7B,B1_vs_A,0.4723
NQ,F1,Qwen-7B,B2_3B_vs_A,-4.1045
NQ,F1,Qwen-7B,B2_8B_vs_A,-2.8237
NQ,F1,Qwen-7B,B2_70B_vs_A,-2.7801
NQ,F1,Qwen-7B,C_vs_A,-0.4719
NQ,F1,Llama-8B,B1_vs_A,-0.308
NQ,F1,Llama-8B,B2_3B_vs_A,0.3048
NQ,F1,Llama-8B,B2_8B_vs_A,-1.7395
NQ,F1,Llama-8B,B2_70B_vs_A,-1.022
NQ,F1,Llama-8B,C_vs_A,-0.4004
NQ,F1,Gemma-9B,B1_vs_A,0.1426
NQ,F1,Gemma-9B,B2_3B_vs_A,0.5346
NQ,F1,Gemma-9B,B2_8B_vs_A,-0.1834
NQ,F1,Gemma-9B,B2_70B_vs_A,1.5101
NQ,F1,Gemma-9B,C_vs_A,0.2272
NQ,F1,Phi-14B,B1_vs_A,-0.3618
NQ,F1,Phi-14B,B2_3B_vs_A,-5.4198
NQ,F1,Phi-14B,B2_8B_vs_A,-2.9789
NQ,F1,Phi-14B,B2_70B_vs_A,-3.2433
NQ,F1,Phi-14B,C_vs_A,-0.1314
SQuAD,F1,Qwen-0.5B,B1_vs_A,-4.0089
SQuAD,F1,Qwen-0.5B,B2_3B_vs_A,-45.3108
SQuAD,F1,Qwen-0.5B,B2_8B_vs_A,-10.8127
SQuAD,F1,Qwen-0.5B,B2_70B_vs_A,-18.1277
SQuAD,F1,Qwen-0.5B,C_vs_A,0.1612
SQuAD,HER,Qwen-0.5B,B1_vs_A,5.8481
SQuAD,HER,Qwen-0.5B,B2_3B_vs_A,17.6965
SQuAD,HER,Qwen-0.5B,B2_8B_vs_A,6.2612
SQuAD,HER,Qwen-0.5B,B2_70B_vs_A,5.2789
SQuAD,HER,Qwen-0.5B,C_vs_A,-0.1942
SQuAD,F1,Llama-1B,B1_vs_A,-7.0578
SQuAD,F1,Llama-1B,B2_3B_vs_A,-33.7871
SQuAD,F1,Llama-1B,B2_8B_vs_A,-31.2112
SQuAD,F1,Llama-1B,B2_70B_vs_A,-18.8221
SQuAD,F1,Llama-1B,C_vs_A,-1.4051
SQuAD,HER,Llama-1B,B1_vs_A,7.1881
SQuAD,HER,Llama-1B,B2_3B_vs_A,10.7653
SQuAD,HER,Llama-1B,B2_8B_vs_A,-5.2692
SQuAD,HER,Llama-1B,B2_70B_vs_A,4.3389
SQuAD,HER,Llama-1B,C_vs_A,-1.5867
SQuAD,F1,Qwen-1.5B,B1_vs_A,-4.5131
SQuAD,F1,Qwen-1.5B,B2_3B_vs_A,-98.3752
SQuAD,F1,Qwen-1.5B,B2_8B_vs_A,-26.9913
SQuAD,F1,Qwen-1.5B,B2_70B_vs_A,-18.0099
SQuAD,F1,Qwen-1.5B,C_vs_A,-0.6519
SQuAD,HER,Qwen-1.5B,B1_vs_A,2.0959
SQuAD,HER,Qwen-1.5B,B2_3B_vs_A,21.7788
SQuAD,HER,Qwen-1.5B,B2_8B_vs_A,17.6863
SQuAD,HER,Qwen-1.5B,B2_70B_vs_A,12.0682
SQuAD,HER,Qwen-1.5B,C_vs_A,-0.3715
SQuAD,F1,Gemma-2B,B1_vs_A,-3.1804
SQuAD,F1,Gemma-2B,B2_3B_vs_A,-82.6221
SQuAD,F1,Gemma-2B,B2_8B_vs_A,-63.8583
SQuAD,F1,Gemma-2B,B2_70B_vs_A,-31.514
SQuAD,F1,Gemma-2B,C_vs_A,0.7218
SQuAD,HER,Gemma-2B,B1_vs_A,4.5488
SQuAD,HER,Gemma-2B,B2_3B_vs_A,9.8746
SQuAD,HER,Gemma-2B,B2_8B_vs_A,4.2763
SQuAD,HER,Gemma-2B,B2_70B_vs_A,13.7124
SQuAD,HER,Gemma-2B,C_vs_A,0.0
SQuAD,F1,Qwen-3B,B1_vs_A,-4.4593
SQuAD,F1,Qwen-3B,B2_3B_vs_A,-45.2536
SQuAD,F1,Qwen-3B,B2_8B_vs_A,-7.3311
SQuAD,F1,Qwen-3B,B2_70B_vs_A,-7.8788
SQuAD,F1,Qwen-3B,C_vs_A,-0.6506
SQuAD,HER,Qwen-3B,B1_vs_A,1.8171
SQuAD,HER,Qwen-3B,B2_3B_vs_A,10.0991
SQuAD,HER,Qwen-3B,B2_8B_vs_A,2.3188
SQuAD,HER,Qwen-3B,B2_70B_vs_A,3.2674
SQuAD,HER,Qwen-3B,C_vs_A,-0.2983
SQuAD,F1,Llama-3B,B1_vs_A,-3.3116
SQuAD,F1,Llama-3B,B2_3B_vs_A,-55.0977
SQuAD,F1,Llama-3B,B2_8B_vs_A,-38.6719
SQuAD,F1,Llama-3B,B2_70B_vs_A,-24.0911
SQuAD,F1,Llama-3B,C_vs_A,0.3093
SQuAD,HER,Llama-3B,B1_vs_A,0.2517
SQuAD,HER,Llama-3B,B2_3B_vs_A,11.4265
SQuAD,HER,Llama-3B,B2_8B_vs_A,-0.1853
SQuAD,HER,Llama-3B,B2_70B_vs_A,6.4042
SQuAD,HER,Llama-3B,C_vs_A,-0.0
SQuAD,F1,Phi-3.8B,B1_vs_A,-6.4462
SQuAD,F1,Phi-3.8B,B2_3B_vs_A,-77.1869
SQuAD,F1,Phi-3.8B,B2_8B_vs_A,-47.5898
SQuAD,F1,Phi-3.8B,B2_70B_vs_A,-17.7024
SQuAD,F1,Phi-3.8B,C_vs_A,-0.6348
SQuAD,HER,Phi-3.8B,B1_vs_A,4.9992
SQuAD,HER,Phi-3.8B,B2_3B_vs_A,10.9209
SQuAD,HER,Phi-3.8B,B2_8B_vs_A,1.3373
SQuAD,HER,Phi-3.8B,B2_70B_vs_A,2.626
SQuAD,HER,Phi-3.8B,C_vs_A,-0.5433
SQuAD,F1,Qwen-7B,B1_vs_A,-4.2102
SQuAD,F1,Qwen-7B,B2_3B_vs_A,-85.7774
SQuAD,F1,Qwen-7B,B2_8B_vs_A,-18.8024
SQuAD,F1,Qwen-7B,B2_70B_vs_A,-21.7046
SQuAD,F1,Qwen-7B,C_vs_A,-0.1561
SQuAD,HER,Qwen-7B,B1_vs_A,1.0233
SQuAD,HER,Qwen-7B,B2_3B_vs_A,10.5003
SQuAD,HER,Qwen-7B,B2_8B_vs_A,0.4404
SQuAD,HER,Qwen-7B,B2_70B_vs_A,5.565
SQuAD,HER,Qwen-7B,C_vs_A,-0.8503
SQuAD,F1,Llama-8B,B1_vs_A,-6.4914
SQuAD,F1,Llama-8B,B2_3B_vs_A,-54.7882
SQuAD,F1,Llama-8B,B2_8B_vs_A,-45.5137
SQuAD,F1,Llama-8B,B2_70B_vs_A,-37.9789
SQuAD,F1,Llama-8B,C_vs_A,-0.0446
SQuAD,HER,Llama-8B,B1_vs_A,-1.3515
SQuAD,HER,Llama-8B,B2_3B_vs_A,2.1957
SQuAD,HER,Llama-8B,B2_8B_vs_A,-5.212
SQuAD,HER,Llama-8B,B2_70B_vs_A,5.85
SQuAD,HER,Llama-8B,C_vs_A,0.2318
SQuAD,F1,Gemma-9B,B1_vs_A,-1.9599
SQuAD,F1,Gemma-9B,B2_3B_vs_A,-94.7725
SQuAD,F1,Gemma-9B,B2_8B_vs_A,-22.2394
SQuAD,F1,Gemma-9B,B2_70B_vs_A,-11.7213
SQuAD,F1,Gemma-9B,C_vs_A,-0.1578
SQuAD,HER,Gemma-9B,B1_vs_A,0.4637
SQuAD,HER,Gemma-9B,B2_3B_vs_A,11.2405
SQuAD,HER,Gemma-9B,B2_8B_vs_A,2.2626
SQuAD,HER,Gemma-9B,B2_70B_vs_A,3.669
SQuAD,HER,Gemma-9B,C_vs_A,0.0251
SQuAD,F1,Phi-14B,B1_vs_A,-2.6733
SQuAD,F1,Phi-14B,B2_3B_vs_A,-68.1805
SQuAD,F1,Phi-14B,B2_8B_vs_A,-13.0638
SQuAD,F1,Phi-14B,B2_70B_vs_A,-19.9183
SQuAD,F1,Phi-14B,C_vs_A,-0.138
SQuAD,HER,Phi-14B,B1_vs_A,-0.0861
SQuAD,HER,Phi-14B,B2_3B_vs_A,5.6298
SQuAD,HER,Phi-14B,B2_8B_vs_A,-3.5022
SQuAD,HER,Phi-14B,B2_70B_vs_A,0.5163
SQuAD,HER,Phi-14B,C_vs_A,-0.3352
Code,pass@1_processed,Qwen-0.5B,B1_vs_A,-1.5967
Code,pass@1_processed,Qwen-0.5B,B2_3B_vs_A,1.0954
Code,pass@1_processed,Qwen-0.5B,B2_8B_vs_A,-0.3303
Code,pass@1_processed,Qwen-0.5B,B2_70B_vs_A,1.0954
Code,pass@1_processed,Qwen-0.5B,C_vs_A,-0.2582
Code,pass@1_processed,Llama-1B,B1_vs_A,1.8418
Code,pass@1_processed,Llama-1B,B2_3B_vs_A,0.5922
Code,pass@1_processed,Llama-1B,B2_8B_vs_A,-0.5262
Code,pass@1_processed,Llama-1B,B2_70B_vs_A,1.7025
Code,pass@1_processed,Llama-1B,C_vs_A,-1.7887
Code,pass@1_processed,Qwen-1.5B,B1_vs_A,-1.1834
Code,pass@1_processed,Qwen-1.5B,B2_3B_vs_A,-0.8346
Code,pass@1_processed,Qwen-1.5B,B2_8B_vs_A,-2.1675
Code,pass@1_processed,Qwen-1.5B,B2_70B_vs_A,1.2983
Code,pass@1_processed,Qwen-1.5B,C_vs_A,-1.8898
Code,pass@1_processed,Gemma-2B,B1_vs_A,-0.3651
Code,pass@1_processed,Gemma-2B,B2_3B_vs_A,0.5183
Code,pass@1_processed,Gemma-2B,B2_8B_vs_A,0.5087
Code,pass@1_processed,Gemma-2B,B2_70B_vs_A,0.4387
Code,pass@1_processed,Gemma-2B,C_vs_A,0.7459
Code,pass@1_processed,Qwen-3B,B1_vs_A,-0.2592
Code,pass@1_processed,Qwen-3B,B2_3B_vs_A,3.294
Code,pass@1_processed,Qwen-3B,B2_8B_vs_A,0.2093
Code,pass@1_processed,Qwen-3B,B2_70B_vs_A,3.5285
Code,pass@1_processed,Qwen-3B,C_vs_A,-0.2949
Code,pass@1_processed,Llama-3B,B1_vs_A,2.1219
Code,pass@1_processed,Llama-3B,B2_3B_vs_A,-1.3694
Code,pass@1_processed,Llama-3B,B2_8B_vs_A,0.5394
Code,pass@1_processed,Llama-3B,B2_70B_vs_A,0.3315
Code,pass@1_processed,Llama-3B,C_vs_A,3.8248
Code,pass@1_processed,Phi-3.8B,B1_vs_A,-0.262
Code,pass@1_processed,Phi-3.8B,B2_3B_vs_A,-0.0
Code,pass@1_processed,Phi-3.8B,B2_8B_vs_A,-1.2193
Code,pass@1_processed,Phi-3.8B,B2_70B_vs_A,1.4373
Code,pass@1_processed,Phi-3.8B,C_vs_A,0.8492
Code,pass@1_processed,Qwen-7B,B1_vs_A,1.6208
Code,pass@1_processed,Qwen-7B,B2_3B_vs_A,4.0949
Code,pass@1_processed,Qwen-7B,B2_8B_vs_A,3.7063
Code,pass@1_processed,Qwen-7B,B2_70B_vs_A,3.9697
Code,pass@1_processed,Qwen-7B,C_vs_A,4.6144
Code,pass@1_processed,Llama-8B,B1_vs_A,1.5689
Code,pass@1_processed,Llama-8B,B2_3B_vs_A,0.5813
Code,pass@1_processed,Llama-8B,B2_8B_vs_A,1.0691
Code,pass@1_processed,Llama-8B,B2_70B_vs_A,0.8145
Code,pass@1_processed,Llama-8B,C_vs_A,1.0954
Code,pass@1_processed,Gemma-9B,B1_vs_A,0.042
Code,pass@1_processed,Gemma-9B,B2_3B_vs_A,3.245
Code,pass@1_processed,Gemma-9B,B2_8B_vs_A,4.3409
Code,pass@1_processed,Gemma-9B,B2_70B_vs_A,4.0332
Code,pass@1_processed,Gemma-9B,C_vs_A,1.5012
Code,pass@1_processed,Phi-14B,B1_vs_A,-0.2638
Code,pass@1_processed,Phi-14B,B2_3B_vs_A,-1.4343
Code,pass@1_processed,Phi-14B,B2_8B_vs_A,1.055
Code,pass@1_processed,Phi-14B,B2_70B_vs_A,4.0831
Code,pass@1_processed,Phi-14B,C_vs_A,0.8645
