dataset,model,F,p,eta_squared,significant
SQuAD,llama1b,4279.5797,7.52e-69,0.9975,True
SQuAD,qwen1.5b,8441.2137,8.44e-77,0.9987,True
SQuAD,llama3b,7086.3376,9.44e-75,0.9985,True
SQuAD,qwen3b,1412.361,6.50e-56,0.9924,True
SQuAD,qwen7b,9684.8753,2.07e-78,0.9989,True
SQuAD,llama8b,9047.4924,1.30e-77,0.9988,True
NQ,llama1b,8.4785,9.83e-05,0.6385,True
NQ,qwen1.5b,7.6275,2.06e-04,0.6138,True
NQ,llama3b,48.9628,8.18e-12,0.9107,True
NQ,qwen3b,11.8556,7.49e-06,0.7118,True
NQ,qwen7b,15.8738,6.20e-07,0.7678,True
NQ,llama8b,3.8384,1.07e-02,0.4443,True
MBPP,llama1b,9.0081,6.32e-05,0.6524,True
MBPP,qwen1.5b,16.2453,5.04e-07,0.7719,True
MBPP,llama3b,4.4708,5.09e-03,0.4822,True
MBPP,qwen3b,28.693,2.20e-09,0.8567,True
MBPP,qwen7b,33.4725,4.57e-10,0.8746,True
MBPP,llama8b,2.1054,9.97e-02,0.3049,False
