model,group,f1_mean,f1_std,her_mean,her_std,n
Llama-1B,A,0.556,0.0062,0.1435,0.0052,10
Llama-1B,B1,0.5017,0.0033,0.1879,0.0036,10
Llama-1B,B2_3B,0.3138,0.0068,0.2247,0.0056,10
Llama-1B,B2_8B,0.2175,0.0064,0.1031,0.0043,10
Llama-1B,B2_70B,0.2903,0.0101,0.1767,0.0054,10
Llama-1B,C,0.551,0.0084,0.1392,0.0047,10
Qwen-1.5B,A,0.7939,0.0031,0.2629,0.0057,10
Qwen-1.5B,B1,0.7678,0.0045,0.2811,0.0069,10
Qwen-1.5B,B2_3B,0.4475,0.0014,0.4972,0.0088,10
Qwen-1.5B,B2_8B,0.6976,0.0031,0.5143,0.0148,10
Qwen-1.5B,B2_70B,0.618,0.0088,0.4821,0.0138,10
Qwen-1.5B,C,0.792,0.0034,0.2618,0.004,10
Llama-3B,A,0.7642,0.005,0.0896,0.0023,10
Llama-3B,B1,0.7432,0.003,0.0909,0.0041,10
Llama-3B,B2_3B,0.4288,0.0021,0.1337,0.0029,10
Llama-3B,B2_8B,0.416,0.0093,0.0884,0.0055,10
Llama-3B,B2_70B,0.4534,0.0112,0.1331,0.0059,10
Llama-3B,C,0.7652,0.0044,0.0896,0.0025,10
Qwen-3B,A,0.7859,0.0055,0.1444,0.0036,10
Qwen-3B,B1,0.7548,0.0044,0.1545,0.0039,10
Qwen-3B,B2_3B,0.4559,0.0038,0.2293,0.0065,10
Qwen-3B,B2_8B,0.6452,0.0176,0.1755,0.0136,10
Qwen-3B,B2_70B,0.6479,0.0166,0.2087,0.0205,10
Qwen-3B,C,0.7841,0.0055,0.1432,0.0033,10
Qwen-7B,A,0.8215,0.0034,0.0853,0.0016,10
Qwen-7B,B1,0.7969,0.0048,0.0875,0.0024,10
Qwen-7B,B2_3B,0.4681,0.003,0.1409,0.0048,10
Qwen-7B,B2_8B,0.6775,0.0049,0.087,0.0031,10
Qwen-7B,B2_70B,0.6725,0.0063,0.1265,0.0066,10
Qwen-7B,C,0.8211,0.0029,0.0833,0.003,10
Llama-8B,A,0.8178,0.0047,0.0788,0.0029,10
Llama-8B,B1,0.784,0.0029,0.0731,0.0032,10
Llama-8B,B2_3B,0.4498,0.004,0.0932,0.0069,10
Llama-8B,B2_8B,0.4587,0.0104,0.0571,0.0028,10
Llama-8B,B2_70B,0.4726,0.0082,0.1127,0.0067,10
Llama-8B,C,0.8176,0.0044,0.0795,0.0024,10
