dataset,model,metric,F,df1,df2,p_value,eta_squared,is_significant
SQuAD,qwen0.5b,F1,2441.0788,5,54,2.73e-62,0.9956,True
SQuAD,llama1b,F1,4279.5797,5,54,7.52e-69,0.9975,True
SQuAD,qwen1.5b,F1,8441.2137,5,54,8.44e-77,0.9987,True
SQuAD,gemma2b,F1,10118.8681,5,54,6.36e-79,0.9989,True
SQuAD,qwen3b,F1,1412.361,5,54,6.50e-56,0.9924,True
SQuAD,llama3b,F1,7086.3376,5,54,9.44e-75,0.9985,True
SQuAD,phi3.8b,F1,4320.3962,5,54,5.83e-69,0.9975,True
SQuAD,qwen7b,F1,9684.8753,5,54,2.07e-78,0.9989,True
SQuAD,llama8b,F1,9047.4924,5,54,1.30e-77,0.9988,True
SQuAD,gemma9b,F1,1980.624,5,54,7.49e-60,0.9946,True
SQuAD,phi14b,F1,1926.9625,5,54,1.57e-59,0.9944,True
NQ,qwen0.5b,F1,14.8221,5,24,1.13e-06,0.7554,True
NQ,llama1b,F1,8.4785,5,24,9.83e-05,0.6385,True
NQ,qwen1.5b,F1,7.6275,5,24,2.06e-04,0.6138,True
NQ,gemma2b,F1,12.1711,5,24,6.04e-06,0.7172,True
NQ,qwen3b,F1,11.8556,5,24,7.49e-06,0.7118,True
NQ,llama3b,F1,48.9628,5,24,8.18e-12,0.9107,True
NQ,phi3.8b,F1,11.4842,5,24,9.69e-06,0.7052,True
NQ,qwen7b,F1,15.8738,5,24,6.20e-07,0.7678,True
NQ,llama8b,F1,3.8384,5,24,0.0107,0.4443,True
NQ,gemma9b,F1,3.0777,5,24,0.0276,0.3907,True
NQ,phi14b,F1,20.8947,5,24,4.93e-08,0.8132,True
Code,qwen0.5b,pass@1_processed,5.5537,5,24,0.0015,0.5364,True
Code,llama1b,pass@1_processed,9.0081,5,24,6.32e-05,0.6524,True
Code,qwen1.5b,pass@1_processed,16.2453,5,24,5.04e-07,0.7719,True
Code,gemma2b,pass@1_processed,1.7805,5,24,0.1550,0.2706,False
Code,qwen3b,pass@1_processed,28.693,5,24,2.20e-09,0.8567,True
Code,llama3b,pass@1_processed,4.4708,5,24,0.0051,0.4822,True
Code,phi3.8b,pass@1_processed,8.7781,5,24,7.64e-05,0.6465,True
Code,qwen7b,pass@1_processed,33.4725,5,24,4.57e-10,0.8746,True
Code,llama8b,pass@1_processed,2.1054,5,24,0.0997,0.3049,False
Code,gemma9b,pass@1_processed,57.1755,5,24,1.51e-12,0.9226,True
Code,phi14b,pass@1_processed,20.8908,5,24,4.94e-08,0.8132,True
