dataset,prompt,model,noisy_samples,clean_samples,repair_rate_%,miss_rate_%,wrong_rate_%,mis_mod_rate_%,in_len_before,in_len_after,damage_type
SQuAD,C1,3B,295,1705,1.02,0.0,98.98,99.3,834.7,756.0,Context prefix removed (92%)
SQuAD,C2,3B,295,1705,0.0,0.0,100.0,100.0,834.7,664.6,Context prefix removed (100%)
SQuAD,C3,3B,295,1705,0.34,0.34,99.32,99.71,834.7,618.7,Context prefix removed (85%)
SQuAD,C4,3B,295,1705,2.37,7.8,89.83,92.79,834.7,643.6,Context prefix removed (81%)
SQuAD,C1,8B,295,1705,0.34,0.0,99.66,99.82,834.7,401.4,Context prefix removed (95%); Context rewritten (-52% length)
SQuAD,C2,8B,295,1705,0.0,0.0,100.0,99.94,834.7,584.8,Context prefix removed (97%)
SQuAD,C3,8B,295,1705,0.0,0.0,100.0,100.0,834.7,760.9,Context prefix removed (92%)
SQuAD,C4,8B,295,1705,1.36,3.73,94.92,94.25,834.7,798.0,Context prefix removed (60%)
SQuAD,C1,70B,295,1705,8.81,0.0,91.19,100.0,834.7,127.1,Context prefix removed (97%); Context rewritten (-85% length)
SQuAD,C2,70B,295,1705,4.41,1.02,94.58,98.42,834.7,466.0,Context prefix removed (59%)
SQuAD,C3,70B,295,1705,6.78,6.1,87.12,89.79,834.7,477.6,unspecified
SQuAD,C4,70B,295,1705,18.31,7.46,74.24,83.46,834.7,823.1,unspecified
NQ,C1,3B,295,1705,14.92,0.68,84.41,96.72,48.1,61.7,Normalization / paraphrasing only
NQ,C2,3B,295,1705,1.02,0.68,98.31,99.59,48.1,54.1,Normalization / paraphrasing only
NQ,C3,3B,295,1705,5.08,4.41,90.51,94.6,48.1,50.8,Normalization / paraphrasing only
NQ,C4,3B,295,1705,12.2,9.15,78.64,79.06,48.1,49.2,Normalization / paraphrasing only
NQ,C1,8B,295,1705,13.22,0.0,86.78,99.35,48.1,58.7,Normalization / paraphrasing only
NQ,C2,8B,295,1705,1.02,0.0,98.98,99.65,48.1,53.8,Normalization / paraphrasing only
NQ,C3,8B,295,1705,1.02,1.36,97.63,98.48,48.1,49.7,Normalization / paraphrasing only
NQ,C4,8B,295,1705,6.78,1.02,92.2,95.95,48.1,50.2,Normalization / paraphrasing only
NQ,C1,70B,295,1705,11.86,0.0,88.14,98.94,48.1,59.3,Normalization / paraphrasing only
NQ,C2,70B,295,1705,0.34,0.0,99.66,100.0,48.1,50.5,Normalization / paraphrasing only
NQ,C3,70B,295,1705,0.0,0.0,100.0,100.0,48.1,49.0,Normalization / paraphrasing only
NQ,C4,70B,295,1705,2.03,0.0,97.97,99.06,48.1,48.8,Normalization / paraphrasing only
MBPP,C1,3B,141,833,0.0,0.0,100.0,100.0,181.8,192.3,100.0% outputs wrapped in markdown
MBPP,C2,3B,141,833,0.0,0.0,100.0,100.0,181.8,184.4,100.0% outputs wrapped in markdown
MBPP,C3,3B,141,833,2.13,2.13,95.74,94.84,181.8,174.7,No additional damage
MBPP,C4,3B,141,833,2.13,0.71,97.16,94.6,181.8,175.0,No additional damage
MBPP,C1,8B,141,833,7.09,0.0,92.91,97.6,181.8,185.9,No additional damage
MBPP,C2,8B,141,833,2.13,0.0,97.87,98.56,181.8,185.6,No additional damage
MBPP,C3,8B,141,833,2.84,0.71,96.45,97.96,181.8,182.7,No additional damage
MBPP,C4,8B,141,833,2.84,0.0,97.16,98.44,181.8,183.8,No additional damage
MBPP,C1,70B,141,833,0.0,0.0,100.0,100.0,181.8,203.1,88.6% outputs wrapped in markdown
MBPP,C2,70B,141,833,0.0,0.0,100.0,100.0,181.8,292.1,99.9% outputs wrapped in markdown
MBPP,C3,70B,141,833,2.84,0.0,97.16,99.16,181.8,175.4,No additional damage
MBPP,C4,70B,141,833,4.96,0.71,94.33,98.92,181.8,175.3,No additional damage
