model,group,f1_mean,f1_std,her_mean,her_std
Llama-1B,A,0.3414,0.036,0.4391,0.046
Llama-1B,B1,0.2431,0.0448,0.2498,0.0341
Llama-1B,B2,0.2691,0.0369,0.3203,0.0372
Llama-1B,C,0.3573,0.024,0.4423,0.0493
Qwen-1.5B,A,0.4095,0.0252,0.154,0.0462
Qwen-1.5B,B1,0.3207,0.0089,0.1454,0.013
Qwen-1.5B,B2,0.3116,0.0071,0.1787,0.0129
Qwen-1.5B,C,0.3652,0.0114,0.1444,0.0156
Llama-3B,A,0.7143,0.0104,0.1992,0.0119
Llama-3B,B1,0.6742,0.0125,0.1826,0.0152
Llama-3B,B2,0.6308,0.027,0.2666,0.0344
Llama-3B,C,0.6581,0.0187,0.1653,0.0151
Qwen-3B,A,0.5881,0.0119,0.3379,0.0241
Qwen-3B,B1,0.5515,0.0326,0.2725,0.0495
Qwen-3B,B2,0.553,0.0224,0.3247,0.0464
Qwen-3B,C,0.5834,0.0109,0.3343,0.0247
Qwen-7B,A,0.7155,0.0498,0.1015,0.0221
Qwen-7B,B1,0.5549,0.0278,0.0931,0.0123
Qwen-7B,B2,0.5113,0.0213,0.0939,0.0122
Qwen-7B,C,0.644,0.106,0.1072,0.0217
Llama-8B,A,0.6549,0.0146,0.0981,0.0056
Llama-8B,B1,0.6048,0.0205,0.1134,0.0121
Llama-8B,B2,0.5767,0.0176,0.152,0.0142
Llama-8B,C,0.6559,0.0173,0.0985,0.0077
