model,group,f1_mean,f1_std
Llama-1B,A,0.0108,0.0018
Llama-1B,B1,0.0111,0.0018
Llama-1B,B2,0.0166,0.0011
Llama-1B,C,0.0121,0.0022
Qwen-1.5B,A,0.080108,0.01276
Qwen-1.5B,B1,0.059411,0.003681
Qwen-1.5B,B2,0.04766,0.006188
Qwen-1.5B,C,0.039703,0.00148
Llama-3B,A,0.078224,0.009879
Llama-3B,B1,0.058826,0.002539
Llama-3B,B2,0.054075,0.001473
Llama-3B,C,0.056327,0.000289
Qwen-3B,A,0.0128,0.0041
Qwen-3B,B1,0.004,0.0055
Qwen-3B,B2,0.012,0.0054
Qwen-3B,C,0.0045,0.0046
Qwen-7B,A,0.116607,0.009763
Qwen-7B,B1,0.086589,0.018831
Qwen-7B,B2,0.061169,0.001891
Qwen-7B,C,0.061656,0.002324
Llama-8B,A,0.046529,0.00212
Llama-8B,B1,0.043819,0.000325
Llama-8B,B2,0.040395,0.000866
Llama-8B,C,0.042728,0.001078
